-- phpMyAdmin SQL Dump
-- version 5.0.2
-- https://www.phpmyadmin.net/
--
-- Host: 127.0.0.1
-- Tempo de geração: 24-Fev-2021 às 02:15
-- Versão do servidor: 10.4.14-MariaDB
-- versão do PHP: 7.4.9

SET SQL_MODE = "NO_AUTO_VALUE_ON_ZERO";
START TRANSACTION;
SET time_zone = "+00:00";


/*!40101 SET @OLD_CHARACTER_SET_CLIENT=@@CHARACTER_SET_CLIENT */;
/*!40101 SET @OLD_CHARACTER_SET_RESULTS=@@CHARACTER_SET_RESULTS */;
/*!40101 SET @OLD_COLLATION_CONNECTION=@@COLLATION_CONNECTION */;
/*!40101 SET NAMES utf8mb4 */;

--
-- Banco de dados: `ordem`
--

-- --------------------------------------------------------

--
-- Estrutura da tabela `categorias`
--

CREATE TABLE `categorias` (
  `categoria_id` int(11) NOT NULL,
  `categoria_nome` varchar(45) NOT NULL,
  `categoria_ativa` tinyint(1) DEFAULT NULL,
  `categoria_data_alteracao` timestamp NULL DEFAULT current_timestamp() ON UPDATE current_timestamp()
) ENGINE=InnoDB DEFAULT CHARSET=latin1;

--
-- Extraindo dados da tabela `categorias`
--

INSERT INTO `categorias` (`categoria_id`, `categoria_nome`, `categoria_ativa`, `categoria_data_alteracao`) VALUES
(1, 'Games 1 teste', 1, '2020-10-23 14:23:51');

-- --------------------------------------------------------

--
-- Estrutura da tabela `clientes`
--

CREATE TABLE `clientes` (
  `cliente_id` int(11) NOT NULL,
  `cliente_data_cadastro` timestamp NULL DEFAULT current_timestamp(),
  `cliente_tipo` tinyint(1) DEFAULT NULL,
  `cliente_nome` varchar(45) NOT NULL,
  `cliente_sobrenome` varchar(150) NOT NULL,
  `cliente_data_nascimento` date NOT NULL,
  `cliente_cpf_cnpj` varchar(20) NOT NULL,
  `cliente_rg_ie` varchar(20) NOT NULL,
  `cliente_email` varchar(50) NOT NULL,
  `cliente_telefone` varchar(20) NOT NULL,
  `cliente_celular` varchar(20) NOT NULL,
  `cliente_cep` varchar(10) NOT NULL,
  `cliente_endereco` varchar(155) NOT NULL,
  `cliente_numero_endereco` varchar(20) NOT NULL,
  `cliente_bairro` varchar(45) NOT NULL,
  `cliente_complemento` varchar(145) NOT NULL,
  `cliente_cidade` varchar(105) NOT NULL,
  `cliente_estado` varchar(2) NOT NULL,
  `cliente_ativo` tinyint(1) NOT NULL,
  `cliente_obs` tinytext DEFAULT NULL,
  `cliente_data_alteracao` timestamp NULL DEFAULT current_timestamp() ON UPDATE current_timestamp()
) ENGINE=InnoDB DEFAULT CHARSET=latin1;

--
-- Extraindo dados da tabela `clientes`
--

INSERT INTO `clientes` (`cliente_id`, `cliente_data_cadastro`, `cliente_tipo`, `cliente_nome`, `cliente_sobrenome`, `cliente_data_nascimento`, `cliente_cpf_cnpj`, `cliente_rg_ie`, `cliente_email`, `cliente_telefone`, `cliente_celular`, `cliente_cep`, `cliente_endereco`, `cliente_numero_endereco`, `cliente_bairro`, `cliente_complemento`, `cliente_cidade`, `cliente_estado`, `cliente_ativo`, `cliente_obs`, `cliente_data_alteracao`) VALUES
(1, '2020-10-07 23:05:26', 1, 'Flavio José', 'Da Costa Souza', '1982-12-03', '002.470.693-02', '84496397-6', 'fjose19@hotmail.com', '(94)99175-3342', '(94)99175-3342', '68501-300', 'Rua das Cacimbas', '382', 'Amapa', '', 'Marabá', 'PA', 1, '', '2020-10-19 13:42:24');

-- --------------------------------------------------------

--
-- Estrutura da tabela `formas_pagamentos`
--

CREATE TABLE `formas_pagamentos` (
  `forma_pagamento_id` int(11) NOT NULL,
  `forma_pagamento_nome` varchar(45) DEFAULT NULL,
  `forma_pagamento_aceita_parc` tinyint(1) DEFAULT NULL,
  `forma_pagamento_ativa` tinyint(1) DEFAULT NULL,
  `forma_pagamento_data_alteracao` timestamp NULL DEFAULT current_timestamp() ON UPDATE current_timestamp()
) ENGINE=InnoDB DEFAULT CHARSET=latin1;

--
-- Extraindo dados da tabela `formas_pagamentos`
--

INSERT INTO `formas_pagamentos` (`forma_pagamento_id`, `forma_pagamento_nome`, `forma_pagamento_aceita_parc`, `forma_pagamento_ativa`, `forma_pagamento_data_alteracao`) VALUES
(1, 'Cartão de crédito', 0, 1, '2020-02-14 23:46:46'),
(2, 'Dinheiro', 0, 1, '2020-01-29 21:43:54'),
(3, 'Boleto bancário', 1, 0, '2020-01-29 21:44:14');

-- --------------------------------------------------------

--
-- Estrutura da tabela `fornecedores`
--

CREATE TABLE `fornecedores` (
  `fornecedor_id` int(11) NOT NULL,
  `fornecedor_data_cadastro` timestamp NULL DEFAULT current_timestamp(),
  `fornecedor_razao` varchar(200) DEFAULT NULL,
  `fornecedor_nome_fantasia` varchar(145) DEFAULT NULL,
  `fornecedor_cnpj` varchar(20) DEFAULT NULL,
  `fornecedor_ie` varchar(20) DEFAULT NULL,
  `fornecedor_telefone` varchar(20) DEFAULT NULL,
  `fornecedor_celular` varchar(20) DEFAULT NULL,
  `fornecedor_email` varchar(100) DEFAULT NULL,
  `fornecedor_contato` varchar(45) DEFAULT NULL,
  `fornecedor_cep` varchar(10) DEFAULT NULL,
  `fornecedor_endereco` varchar(145) DEFAULT NULL,
  `fornecedor_numero_endereco` varchar(20) DEFAULT NULL,
  `fornecedor_bairro` varchar(45) DEFAULT NULL,
  `fornecedor_complemento` varchar(45) DEFAULT NULL,
  `fornecedor_cidade` varchar(45) DEFAULT NULL,
  `fornecedor_estado` varchar(2) DEFAULT NULL,
  `fornecedor_ativo` tinyint(1) DEFAULT NULL,
  `fornecedor_obs` tinytext DEFAULT NULL,
  `fornecedor_data_alteracao` timestamp NULL DEFAULT current_timestamp() ON UPDATE current_timestamp()
) ENGINE=InnoDB DEFAULT CHARSET=latin1;

--
-- Extraindo dados da tabela `fornecedores`
--

INSERT INTO `fornecedores` (`fornecedor_id`, `fornecedor_data_cadastro`, `fornecedor_razao`, `fornecedor_nome_fantasia`, `fornecedor_cnpj`, `fornecedor_ie`, `fornecedor_telefone`, `fornecedor_celular`, `fornecedor_email`, `fornecedor_contato`, `fornecedor_cep`, `fornecedor_endereco`, `fornecedor_numero_endereco`, `fornecedor_bairro`, `fornecedor_complemento`, `fornecedor_cidade`, `fornecedor_estado`, `fornecedor_ativo`, `fornecedor_obs`, `fornecedor_data_alteracao`) VALUES
(1, '2020-10-20 22:50:06', 'P.C.M COMERCIO E REPRESENTACOES LTDA', 'PCM COMERCIO', '00.130.790/0001-20', NULL, '94 99175-3342', NULL, 'pcm@gmail.com', NULL, '68501-000', 'Rua das Cacimbas', '350', 'Centro', 'prox. Caixa Dagua', 'Marabá', 'PA', 1, NULL, '2020-10-20 22:58:13'),
(2, '2020-10-20 03:00:00', 'H. A. PEREIRA CRUZ &amp; CIA LTDA', 'HA', '01.427.240/0001-30', '12354654', '+5594991753342', '94 99175-3342', 'ha@gmail.com.br', NULL, '68501-000', 'rua da Programação', NULL, 'Centro', NULL, 'Marabá', 'PA', 0, NULL, '2020-10-21 01:04:08');

-- --------------------------------------------------------

--
-- Estrutura da tabela `groups`
--

CREATE TABLE `groups` (
  `id` mediumint(8) UNSIGNED NOT NULL,
  `name` varchar(20) NOT NULL,
  `description` varchar(100) NOT NULL
) ENGINE=InnoDB DEFAULT CHARSET=utf8;

--
-- Extraindo dados da tabela `groups`
--

INSERT INTO `groups` (`id`, `name`, `description`) VALUES
(1, 'admin', 'Administrator'),
(2, 'Operador', 'General User');

-- --------------------------------------------------------

--
-- Estrutura da tabela `login_attempts`
--

CREATE TABLE `login_attempts` (
  `id` int(11) UNSIGNED NOT NULL,
  `ip_address` varchar(45) NOT NULL,
  `login` varchar(100) NOT NULL,
  `time` int(11) UNSIGNED DEFAULT NULL
) ENGINE=InnoDB DEFAULT CHARSET=utf8;

--
-- Extraindo dados da tabela `login_attempts`
--

INSERT INTO `login_attempts` (`id`, `ip_address`, `login`, `time`) VALUES
(14, '::1', 'luuh.linhares@gmail.com', 1614103805),
(15, '::1', 'luuh.linhares@gmail.com', 1614103814),
(16, '::1', 'fjosemba.novo@gmail.com', 1614103822),
(17, '::1', 'luuh.linhares@gmail.com', 1614103831),
(18, '::1', 'fjose19@hotmail.com', 1614103879),
(19, '::1', 'fjose19@hotmail.com', 1614103890),
(20, '::1', 'fjose19@hotmail.com', 1614103907);

-- --------------------------------------------------------

--
-- Estrutura da tabela `marcas`
--

CREATE TABLE `marcas` (
  `marca_id` int(11) NOT NULL,
  `marca_nome` varchar(45) NOT NULL,
  `marca_ativa` tinyint(1) DEFAULT NULL,
  `marca_data_alteracao` timestamp NOT NULL DEFAULT '0000-00-00 00:00:00' ON UPDATE current_timestamp()
) ENGINE=InnoDB DEFAULT CHARSET=latin1;

--
-- Extraindo dados da tabela `marcas`
--

INSERT INTO `marcas` (`marca_id`, `marca_nome`, `marca_ativa`, `marca_data_alteracao`) VALUES
(1, '2AM Gaming', 1, '2020-10-23 18:27:16'),
(4, 'Sanssung note', 1, '2020-10-23 18:40:20');

-- --------------------------------------------------------

--
-- Estrutura da tabela `ordem_tem_servicos`
--

CREATE TABLE `ordem_tem_servicos` (
  `ordem_ts_id` int(11) NOT NULL,
  `ordem_ts_id_servico` int(11) DEFAULT NULL,
  `ordem_ts_id_ordem_servico` int(11) DEFAULT NULL,
  `ordem_ts_quantidade` int(11) DEFAULT NULL,
  `ordem_ts_valor_unitario` varchar(45) DEFAULT NULL,
  `ordem_ts_valor_desconto` varchar(45) DEFAULT NULL,
  `ordem_ts_valor_total` varchar(45) DEFAULT NULL
) ENGINE=InnoDB DEFAULT CHARSET=latin1 COMMENT='Tabela de relacionamento entre as tabelas servicos e ordem_servico';

--
-- Extraindo dados da tabela `ordem_tem_servicos`
--

INSERT INTO `ordem_tem_servicos` (`ordem_ts_id`, `ordem_ts_id_servico`, `ordem_ts_id_ordem_servico`, `ordem_ts_quantidade`, `ordem_ts_valor_unitario`, `ordem_ts_valor_desconto`, `ordem_ts_valor_total`) VALUES
(1, 1, 1, 1, '80.00', '0', '80.00'),
(2, 2, 2, 4, '80.00', '0', '320.00'),
(3, 3, 3, 1, '120.00', '0', '120.00');

-- --------------------------------------------------------

--
-- Estrutura da tabela `ordens_servicos`
--

CREATE TABLE `ordens_servicos` (
  `ordem_servico_id` int(11) NOT NULL,
  `ordem_servico_forma_pagamento_id` int(11) DEFAULT NULL,
  `ordem_servico_cliente_id` int(11) DEFAULT NULL,
  `ordem_servico_data_emissao` timestamp NULL DEFAULT current_timestamp(),
  `ordem_servico_data_conclusao` varchar(100) DEFAULT NULL,
  `ordem_servico_equipamento` varchar(80) DEFAULT NULL,
  `ordem_servico_marca_equipamento` varchar(80) DEFAULT NULL,
  `ordem_servico_modelo_equipamento` varchar(80) DEFAULT NULL,
  `ordem_servico_acessorios` tinytext DEFAULT NULL,
  `ordem_servico_defeito` tinytext DEFAULT NULL,
  `ordem_servico_valor_desconto` varchar(25) DEFAULT NULL,
  `ordem_servico_valor_total` varchar(25) DEFAULT NULL,
  `ordem_servico_status` tinyint(1) DEFAULT NULL,
  `ordem_servico_obs` tinytext DEFAULT NULL,
  `ordem_servico_data_alteracao` timestamp NULL DEFAULT NULL ON UPDATE current_timestamp()
) ENGINE=InnoDB DEFAULT CHARSET=latin1;

--
-- Extraindo dados da tabela `ordens_servicos`
--

INSERT INTO `ordens_servicos` (`ordem_servico_id`, `ordem_servico_forma_pagamento_id`, `ordem_servico_cliente_id`, `ordem_servico_data_emissao`, `ordem_servico_data_conclusao`, `ordem_servico_equipamento`, `ordem_servico_marca_equipamento`, `ordem_servico_modelo_equipamento`, `ordem_servico_acessorios`, `ordem_servico_defeito`, `ordem_servico_valor_desconto`, `ordem_servico_valor_total`, `ordem_servico_status`, `ordem_servico_obs`, `ordem_servico_data_alteracao`) VALUES
(1, 1, 1, '2020-02-14 20:30:35', NULL, 'Fone de ouvido', 'Awell', 'AV1801', 'Mouse e carregador', 'Não sai aúdio no lado esquerdo', 'R$ 0.00', '490.00', 0, '', '2020-02-20 01:58:42'),
(2, 1, 2, '2020-02-14 20:48:53', NULL, 'Notebook gamer', 'Awell', 'FONE01', 'Mouse e carregador', 'Não carrega', 'R$ 0.00', '80.00', 0, '', '2020-02-17 23:51:56'),
(3, 1, 3, '2020-02-17 23:53:26', NULL, 'Notebook Sony', 'Sony', 'FONE01', 'Mouse e carregador', 'Tela trincada', 'R$ 0.00', '120.00', 0, 'Vem buscar pela manhã', '2020-02-28 22:51:34');

-- --------------------------------------------------------

--
-- Estrutura da tabela `produtos`
--

CREATE TABLE `produtos` (
  `produto_id` int(11) NOT NULL,
  `produto_codigo` varchar(45) DEFAULT NULL,
  `produto_data_cadastro` datetime DEFAULT NULL,
  `produto_categoria_id` int(11) NOT NULL,
  `produto_marca_id` int(11) NOT NULL,
  `produto_fornecedor_id` int(11) NOT NULL,
  `produto_descricao` varchar(145) DEFAULT NULL,
  `produto_unidade` varchar(25) DEFAULT NULL,
  `produto_codigo_barras` varchar(45) DEFAULT NULL,
  `produto_ncm` varchar(15) DEFAULT NULL,
  `produto_preco_custo` varchar(45) DEFAULT NULL,
  `produto_preco_venda` varchar(45) DEFAULT NULL,
  `produto_estoque_minimo` varchar(10) DEFAULT NULL,
  `produto_qtde_estoque` varchar(10) DEFAULT NULL,
  `produto_ativo` tinyint(1) DEFAULT NULL,
  `produto_obs` tinytext DEFAULT NULL,
  `produto_data_alteracao` timestamp NOT NULL DEFAULT '0000-00-00 00:00:00' ON UPDATE current_timestamp()
) ENGINE=InnoDB DEFAULT CHARSET=latin1;

--
-- Extraindo dados da tabela `produtos`
--

INSERT INTO `produtos` (`produto_id`, `produto_codigo`, `produto_data_cadastro`, `produto_categoria_id`, `produto_marca_id`, `produto_fornecedor_id`, `produto_descricao`, `produto_unidade`, `produto_codigo_barras`, `produto_ncm`, `produto_preco_custo`, `produto_preco_venda`, `produto_estoque_minimo`, `produto_qtde_estoque`, `produto_ativo`, `produto_obs`, `produto_data_alteracao`) VALUES
(1, '72495380', NULL, 1, 4, 1, 'Notebook gamer', 'UN', '4545', '5656', '1.800,00', '15.031,00', '2', '2', 1, '', '2020-10-23 18:58:44'),
(2, '50412637', NULL, 1, 1, 1, 'Fone de ouvido gamer', 'UN', '9999', '9999', '112,00', '125.844,00', '1', '46', 1, '', '2020-02-21 00:45:57'),
(3, '41697502', NULL, 1, 1, 1, 'Mouse usb', 'UN', '9999', '5555', '9,99', '15,22', '2', '3', 1, '', '2020-02-22 00:46:57');

-- --------------------------------------------------------

--
-- Estrutura da tabela `servicos`
--

CREATE TABLE `servicos` (
  `servico_id` int(11) NOT NULL,
  `servico_nome` varchar(145) DEFAULT NULL,
  `servico_preco` varchar(15) DEFAULT NULL,
  `servico_descricao` tinytext DEFAULT NULL,
  `servico_ativo` tinyint(1) DEFAULT NULL,
  `servico_data_alteracao` timestamp NULL DEFAULT current_timestamp() ON UPDATE current_timestamp()
) ENGINE=InnoDB DEFAULT CHARSET=latin1;

--
-- Extraindo dados da tabela `servicos`
--

INSERT INTO `servicos` (`servico_id`, `servico_nome`, `servico_preco`, `servico_descricao`, `servico_ativo`, `servico_data_alteracao`) VALUES
(1, 'Limpeza geral - sim', '50,00', 'Lorem Ipsum é simplesmente uma simulação de texto da indústria tipográfica e de impressos, e vem sendo utilizado desde o século XVI, quando um impressor desconhecido pegou uma bandeja de tipos e os embaralhou para fazer um livro de modelos de tipos. Lorem', 1, '2020-10-23 00:20:26'),
(2, 'Solda elétrica', '80,00', 'Solda elétrica', 0, '2020-10-23 00:20:42'),
(3, 'Restauração de componentes', '120,00', 'Restauração de componentes teste', 1, '2020-10-23 12:56:55'),
(4, 'Formatação de Micro', '150,00', 'Formatação windows e linux', 1, '2020-10-23 12:57:30');

-- --------------------------------------------------------

--
-- Estrutura da tabela `sistema`
--

CREATE TABLE `sistema` (
  `sistema_id` int(11) NOT NULL,
  `sistema_razao_social` varchar(145) DEFAULT NULL,
  `sistema_nome_fantasia` varchar(145) DEFAULT NULL,
  `sistema_cnpj` varchar(25) DEFAULT NULL,
  `sistema_ie` varchar(25) DEFAULT NULL,
  `sistema_telefone_fixo` varchar(25) DEFAULT NULL,
  `sistema_telefone_movel` varchar(25) NOT NULL,
  `sistema_email` varchar(100) DEFAULT NULL,
  `sistema_site_url` varchar(100) DEFAULT NULL,
  `sistema_cep` varchar(25) DEFAULT NULL,
  `sistema_endereco` varchar(145) DEFAULT NULL,
  `sistema_numero` varchar(25) DEFAULT NULL,
  `sistema_cidade` varchar(45) DEFAULT NULL,
  `sistema_estado` varchar(2) DEFAULT NULL,
  `sistema_txt_ordem_servico` tinytext DEFAULT NULL,
  `sistema_data_alteracao` timestamp NULL DEFAULT current_timestamp() ON UPDATE current_timestamp()
) ENGINE=InnoDB DEFAULT CHARSET=latin1;

--
-- Extraindo dados da tabela `sistema`
--

INSERT INTO `sistema` (`sistema_id`, `sistema_razao_social`, `sistema_nome_fantasia`, `sistema_cnpj`, `sistema_ie`, `sistema_telefone_fixo`, `sistema_telefone_movel`, `sistema_email`, `sistema_site_url`, `sistema_cep`, `sistema_endereco`, `sistema_numero`, `sistema_cidade`, `sistema_estado`, `sistema_txt_ordem_servico`, `sistema_data_alteracao`) VALUES
(1, 'Versus Technology Systems', 'Versus Systems 10', '88.888.888/8888-88', '155660497', '(94)99175-3342', '', 'contato@versustech.com.br', 'http://localhost/ordem/', '68501000', 'Rua das Cacimbas, 386', '384', 'Marabá', 'PA', '', '2020-10-06 21:08:17');

-- --------------------------------------------------------

--
-- Estrutura da tabela `users`
--

CREATE TABLE `users` (
  `id` int(11) UNSIGNED NOT NULL,
  `ip_address` varchar(45) NOT NULL,
  `username` varchar(100) DEFAULT NULL,
  `password` varchar(255) NOT NULL,
  `email` varchar(254) DEFAULT NULL,
  `activation_selector` varchar(255) DEFAULT NULL,
  `activation_code` varchar(255) DEFAULT NULL,
  `forgotten_password_selector` varchar(255) DEFAULT NULL,
  `forgotten_password_code` varchar(255) DEFAULT NULL,
  `forgotten_password_time` int(11) UNSIGNED DEFAULT NULL,
  `remember_selector` varchar(255) DEFAULT NULL,
  `remember_code` varchar(255) DEFAULT NULL,
  `created_on` int(11) UNSIGNED NOT NULL,
  `last_login` int(11) UNSIGNED DEFAULT NULL,
  `active` tinyint(1) UNSIGNED DEFAULT NULL,
  `first_name` varchar(50) DEFAULT NULL,
  `last_name` varchar(50) DEFAULT NULL,
  `company` varchar(100) DEFAULT NULL,
  `phone` varchar(20) DEFAULT NULL
) ENGINE=InnoDB DEFAULT CHARSET=utf8;

--
-- Extraindo dados da tabela `users`
--

INSERT INTO `users` (`id`, `ip_address`, `username`, `password`, `email`, `activation_selector`, `activation_code`, `forgotten_password_selector`, `forgotten_password_code`, `forgotten_password_time`, `remember_selector`, `remember_code`, `created_on`, `last_login`, `active`, `first_name`, `last_name`, `company`, `phone`) VALUES
(1, '127.0.0.1', 'administrator', '$2y$12$05HVavvut/856ngnc/hjyuAaA/IpndmlpyGwnwaFpltcpidT9EzDm', 'fjose19@gmail.com', NULL, '', NULL, NULL, NULL, NULL, NULL, 1268889823, 1268889823, 1, 'Admin_teste', 'istrator_teste', 'ADMIN', '0'),
(13, '::1', 'jacy', '$2y$12$UXGFfFR.UOvLNjnBD33qQeDP9cAfT90HIwiPHIK2cLSilZ7ELRY4.', 'jacy@hotmail.com', NULL, NULL, NULL, NULL, NULL, NULL, NULL, 1601770650, 1614103937, 1, 'Jacy', 'pessoa da costa', NULL, NULL);

-- --------------------------------------------------------

--
-- Estrutura da tabela `users_groups`
--

CREATE TABLE `users_groups` (
  `id` int(11) UNSIGNED NOT NULL,
  `user_id` int(11) UNSIGNED NOT NULL,
  `group_id` mediumint(8) UNSIGNED NOT NULL
) ENGINE=InnoDB DEFAULT CHARSET=utf8;

--
-- Extraindo dados da tabela `users_groups`
--

INSERT INTO `users_groups` (`id`, `user_id`, `group_id`) VALUES
(1, 1, 1),
(2, 1, 2),
(23, 13, 1);

-- --------------------------------------------------------

--
-- Estrutura da tabela `vendedores`
--

CREATE TABLE `vendedores` (
  `vendedor_id` int(11) NOT NULL,
  `vendedor_codigo` varchar(10) NOT NULL,
  `vendedor_data_cadastro` timestamp NULL DEFAULT current_timestamp(),
  `vendedor_nome_completo` varchar(145) NOT NULL,
  `vendedor_cpf` varchar(25) NOT NULL,
  `vendedor_rg` varchar(25) NOT NULL,
  `vendedor_telefone` varchar(15) DEFAULT NULL,
  `vendedor_celular` varchar(15) DEFAULT NULL,
  `vendedor_email` varchar(45) DEFAULT NULL,
  `vendedor_cep` varchar(15) DEFAULT NULL,
  `vendedor_endereco` varchar(45) DEFAULT NULL,
  `vendedor_numero_endereco` varchar(25) DEFAULT NULL,
  `vendedor_complemento` varchar(45) DEFAULT NULL,
  `vendedor_bairro` varchar(45) DEFAULT NULL,
  `vendedor_cidade` varchar(45) DEFAULT NULL,
  `vendedor_estado` varchar(2) DEFAULT NULL,
  `vendedor_ativo` tinyint(1) DEFAULT NULL,
  `vendedor_obs` tinytext DEFAULT NULL,
  `vendedor_data_alteracao` timestamp NULL DEFAULT current_timestamp() ON UPDATE current_timestamp()
) ENGINE=InnoDB DEFAULT CHARSET=latin1;

--
-- Extraindo dados da tabela `vendedores`
--

INSERT INTO `vendedores` (`vendedor_id`, `vendedor_codigo`, `vendedor_data_cadastro`, `vendedor_nome_completo`, `vendedor_cpf`, `vendedor_rg`, `vendedor_telefone`, `vendedor_celular`, `vendedor_email`, `vendedor_cep`, `vendedor_endereco`, `vendedor_numero_endereco`, `vendedor_complemento`, `vendedor_bairro`, `vendedor_cidade`, `vendedor_estado`, `vendedor_ativo`, `vendedor_obs`, `vendedor_data_alteracao`) VALUES
(1, '09842571', '2020-01-28 01:24:17', 'Lucio Antonio de Souza', '946.873.070-00', '36.803.319-3', '', '(41) 99999-9999', 'vendedor@gmail.com', '80530-000', 'Rua das vendas', '45', '', 'Centro', 'Curitiba', 'PR', 1, '', '2020-01-28 01:24:17'),
(2, '03841956', NULL, 'Sara Betina', '582.071.790-23', '25.287.429-8', '', '(41) 88884-4444', 'sara@gmail.com', '80540-120', 'Rua das vendas', '45', NULL, 'Centro', 'Joinville', 'SC', 1, 'teste', NULL);

--
-- Índices para tabelas despejadas
--

--
-- Índices para tabela `categorias`
--
ALTER TABLE `categorias`
  ADD PRIMARY KEY (`categoria_id`);

--
-- Índices para tabela `clientes`
--
ALTER TABLE `clientes`
  ADD PRIMARY KEY (`cliente_id`);

--
-- Índices para tabela `formas_pagamentos`
--
ALTER TABLE `formas_pagamentos`
  ADD PRIMARY KEY (`forma_pagamento_id`);

--
-- Índices para tabela `fornecedores`
--
ALTER TABLE `fornecedores`
  ADD PRIMARY KEY (`fornecedor_id`);

--
-- Índices para tabela `groups`
--
ALTER TABLE `groups`
  ADD PRIMARY KEY (`id`);

--
-- Índices para tabela `login_attempts`
--
ALTER TABLE `login_attempts`
  ADD PRIMARY KEY (`id`);

--
-- Índices para tabela `marcas`
--
ALTER TABLE `marcas`
  ADD PRIMARY KEY (`marca_id`);

--
-- Índices para tabela `ordem_tem_servicos`
--
ALTER TABLE `ordem_tem_servicos`
  ADD PRIMARY KEY (`ordem_ts_id`),
  ADD KEY `fk_ordem_ts_id_servico` (`ordem_ts_id_servico`),
  ADD KEY `fk_ordem_ts_id_ordem_servico` (`ordem_ts_id_ordem_servico`);

--
-- Índices para tabela `ordens_servicos`
--
ALTER TABLE `ordens_servicos`
  ADD PRIMARY KEY (`ordem_servico_id`),
  ADD KEY `fk_ordem_servico_id_cliente` (`ordem_servico_cliente_id`),
  ADD KEY `fk_ordem_servico_id_forma_pagto` (`ordem_servico_forma_pagamento_id`);

--
-- Índices para tabela `produtos`
--
ALTER TABLE `produtos`
  ADD PRIMARY KEY (`produto_id`),
  ADD KEY `produto_categoria_id` (`produto_categoria_id`,`produto_marca_id`,`produto_fornecedor_id`),
  ADD KEY `fk_produto_marca_id` (`produto_marca_id`),
  ADD KEY `fk_produto_forncedor_id` (`produto_fornecedor_id`);

--
-- Índices para tabela `servicos`
--
ALTER TABLE `servicos`
  ADD PRIMARY KEY (`servico_id`);

--
-- Índices para tabela `sistema`
--
ALTER TABLE `sistema`
  ADD PRIMARY KEY (`sistema_id`);

--
-- Índices para tabela `users`
--
ALTER TABLE `users`
  ADD PRIMARY KEY (`id`),
  ADD UNIQUE KEY `uc_email` (`email`),
  ADD UNIQUE KEY `uc_activation_selector` (`activation_selector`),
  ADD UNIQUE KEY `uc_forgotten_password_selector` (`forgotten_password_selector`),
  ADD UNIQUE KEY `uc_remember_selector` (`remember_selector`);

--
-- Índices para tabela `users_groups`
--
ALTER TABLE `users_groups`
  ADD PRIMARY KEY (`id`),
  ADD UNIQUE KEY `uc_users_groups` (`user_id`,`group_id`),
  ADD KEY `fk_users_groups_users1_idx` (`user_id`),
  ADD KEY `fk_users_groups_groups1_idx` (`group_id`);

--
-- Índices para tabela `vendedores`
--
ALTER TABLE `vendedores`
  ADD PRIMARY KEY (`vendedor_id`);

--
-- AUTO_INCREMENT de tabelas despejadas
--

--
-- AUTO_INCREMENT de tabela `categorias`
--
ALTER TABLE `categorias`
  MODIFY `categoria_id` int(11) NOT NULL AUTO_INCREMENT, AUTO_INCREMENT=2;

--
-- AUTO_INCREMENT de tabela `clientes`
--
ALTER TABLE `clientes`
  MODIFY `cliente_id` int(11) NOT NULL AUTO_INCREMENT, AUTO_INCREMENT=4;

--
-- AUTO_INCREMENT de tabela `formas_pagamentos`
--
ALTER TABLE `formas_pagamentos`
  MODIFY `forma_pagamento_id` int(11) NOT NULL AUTO_INCREMENT, AUTO_INCREMENT=4;

--
-- AUTO_INCREMENT de tabela `fornecedores`
--
ALTER TABLE `fornecedores`
  MODIFY `fornecedor_id` int(11) NOT NULL AUTO_INCREMENT, AUTO_INCREMENT=3;

--
-- AUTO_INCREMENT de tabela `groups`
--
ALTER TABLE `groups`
  MODIFY `id` mediumint(8) UNSIGNED NOT NULL AUTO_INCREMENT, AUTO_INCREMENT=3;

--
-- AUTO_INCREMENT de tabela `login_attempts`
--
ALTER TABLE `login_attempts`
  MODIFY `id` int(11) UNSIGNED NOT NULL AUTO_INCREMENT, AUTO_INCREMENT=21;

--
-- AUTO_INCREMENT de tabela `marcas`
--
ALTER TABLE `marcas`
  MODIFY `marca_id` int(11) NOT NULL AUTO_INCREMENT, AUTO_INCREMENT=5;

--
-- AUTO_INCREMENT de tabela `ordem_tem_servicos`
--
ALTER TABLE `ordem_tem_servicos`
  MODIFY `ordem_ts_id` int(11) NOT NULL AUTO_INCREMENT, AUTO_INCREMENT=4;

--
-- AUTO_INCREMENT de tabela `ordens_servicos`
--
ALTER TABLE `ordens_servicos`
  MODIFY `ordem_servico_id` int(11) NOT NULL AUTO_INCREMENT, AUTO_INCREMENT=11;

--
-- AUTO_INCREMENT de tabela `produtos`
--
ALTER TABLE `produtos`
  MODIFY `produto_id` int(11) NOT NULL AUTO_INCREMENT, AUTO_INCREMENT=7;

--
-- AUTO_INCREMENT de tabela `servicos`
--
ALTER TABLE `servicos`
  MODIFY `servico_id` int(11) NOT NULL AUTO_INCREMENT, AUTO_INCREMENT=5;

--
-- AUTO_INCREMENT de tabela `sistema`
--
ALTER TABLE `sistema`
  MODIFY `sistema_id` int(11) NOT NULL AUTO_INCREMENT, AUTO_INCREMENT=2;

--
-- AUTO_INCREMENT de tabela `users`
--
ALTER TABLE `users`
  MODIFY `id` int(11) UNSIGNED NOT NULL AUTO_INCREMENT, AUTO_INCREMENT=14;

--
-- AUTO_INCREMENT de tabela `users_groups`
--
ALTER TABLE `users_groups`
  MODIFY `id` int(11) UNSIGNED NOT NULL AUTO_INCREMENT, AUTO_INCREMENT=24;

--
-- AUTO_INCREMENT de tabela `vendedores`
--
ALTER TABLE `vendedores`
  MODIFY `vendedor_id` int(11) NOT NULL AUTO_INCREMENT, AUTO_INCREMENT=4;

--
-- Restrições para despejos de tabelas
--

--
-- Limitadores para a tabela `ordem_tem_servicos`
--
ALTER TABLE `ordem_tem_servicos`
  ADD CONSTRAINT `fk_ordem_ts_id_ordem_servico` FOREIGN KEY (`ordem_ts_id_ordem_servico`) REFERENCES `ordens_servicos` (`ordem_servico_id`) ON DELETE CASCADE,
  ADD CONSTRAINT `fk_ordem_ts_id_servico` FOREIGN KEY (`ordem_ts_id_servico`) REFERENCES `servicos` (`servico_id`);

--
-- Limitadores para a tabela `users_groups`
--
ALTER TABLE `users_groups`
  ADD CONSTRAINT `fk_users_groups_groups1` FOREIGN KEY (`group_id`) REFERENCES `groups` (`id`) ON DELETE CASCADE ON UPDATE NO ACTION,
  ADD CONSTRAINT `fk_users_groups_users1` FOREIGN KEY (`user_id`) REFERENCES `users` (`id`) ON DELETE CASCADE ON UPDATE NO ACTION;
COMMIT;

/*!40101 SET CHARACTER_SET_CLIENT=@OLD_CHARACTER_SET_CLIENT */;
/*!40101 SET CHARACTER_SET_RESULTS=@OLD_CHARACTER_SET_RESULTS */;
/*!40101 SET COLLATION_CONNECTION=@OLD_COLLATION_CONNECTION */;
